;sample_size;parameters;censoring;batch_size;concordance;RMSE_se;RMSE_theta
0;10000.0;1000.0;0.1;10.0;0.7398555617043968;0.10137549345703113;0.5259346105012707
