;sample_size;parameters;censoring;batch_size;concordance;RMSE_se;RMSE_theta
0;10000.0;100.0;0.01;5000.0;0.7197540260105293;0.00012660320662988048;0.10595890010902759
