;sample_size;parameters;censoring;batch_size;concordance;RMSE_se;RMSE_theta
0;10000.0;1000.0;0.01;500.0;0.7421127886992461;0.0024334856715749055;0.3770718878867451
