;sample_size;parameters;censoring;batch_size;concordance;RMSE_se;RMSE_theta
0;10000.0;100.0;0.01;10000.0;0.7388978631123175;9.57332736245582e-05;0.0963816970167107
