;sample_size;parameters;censoring;batch_size;concordance;RMSE_se;RMSE_theta
0;10000.0;1000.0;0.01;10000.0;0.7390195587446228;0.0011953265733401148;0.38897116363724965
