;sample_size;parameters;censoring;batch_size;concordance;RMSE_se;RMSE_theta
0;10000.0;10.0;0.01;5000.0;0.7510236183150433;2.6846750837807486e-05;0.03699918654815041
