;sample_size;parameters;censoring;batch_size;concordance;RMSE_se;RMSE_theta
0;10000.0;10.0;0.5;5000.0;0.6609762470019807;2.64364720064185e-05;0.04421202512322419
