;sample_size;parameters;censoring;batch_size;concordance;RMSE_se;RMSE_theta
0;10000.0;10.0;0.01;10000.0;0.7278693973809932;1.764667472323271e-05;0.03415474933131054
