;sample_size;parameters;censoring;batch_size;concordance;RMSE_se;RMSE_theta
0;10000.0;10.0;0.01;100.0;0.7208769670313699;0.001196521169144929;0.03994636806618999
