;sample_size;parameters;censoring;batch_size;concordance;RMSE_se;RMSE_theta
0;10000.0;100.0;0.01;10.0;0.741569023998406;0.028701001350039963;0.1479111878071938
