;sample_size;parameters;censoring;batch_size;concordance;RMSE_se;RMSE_theta
0;10000.0;10.0;0.5;50.0;0.7399450196030081;0.0031553972252571453;0.06589166719322721
