;sample_size;parameters;censoring;batch_size;concordance;RMSE_se;RMSE_theta
0;10000.0;1000.0;0.01;100.0;0.7387375555916689;0.011558207073081004;0.3973492617662555
