;sample_size;parameters;censoring;batch_size;concordance;RMSE_se;RMSE_theta
0;10000.0;100.0;0.5;1000.0;0.7203222496959147;0.0006466516034680281;0.1612778969765672
