;sample_size;parameters;censoring;batch_size;concordance;RMSE_se;RMSE_theta
0;10000.0;1000.0;0.5;5.0;0.7392573673930959;0.3354014995511611;1.0063289703781406
