;sample_size;parameters;censoring;batch_size;concordance;RMSE_se;RMSE_theta
0;10000.0;1000.0;0.1;50.0;0.7412523572734587;0.02370099243278814;0.41454843119028534
