;sample_size;parameters;censoring;batch_size;concordance;RMSE_se;RMSE_theta
0;10000.0;100.0;0.1;10000.0;0.709665005924927;0.00011941506250160501;0.10883179489357248
