;sample_size;parameters;censoring;batch_size;concordance;RMSE_se;RMSE_theta
0;10000.0;10.0;0.01;50.0;0.689803400535274;0.001938547101758521;0.0643846324784261
