;sample_size;parameters;censoring;batch_size;concordance;RMSE_se;RMSE_theta
0;10000.0;1000.0;0.01;5000.0;0.7432171537345463;0.0010572160842215001;0.39075532364173426
