;sample_size;parameters;censoring;batch_size;concordance;RMSE_se;RMSE_theta
0;10000.0;10.0;0.5;10.0;0.737594524566011;0.012855126827531965;0.06135740785630247
