;sample_size;parameters;censoring;batch_size;concordance;RMSE_se;RMSE_theta
0;10000.0;1000.0;0.1;100.0;0.7458301783264139;0.012755632262458762;0.436478248623311
