;sample_size;parameters;censoring;batch_size;concordance;RMSE_se;RMSE_theta
0;10000.0;10.0;0.5;10000.0;0.7462831026514185;4.0646948039214424e-05;0.04260613984455818
