;sample_size;parameters;censoring;batch_size;concordance;RMSE_se;RMSE_theta
0;10000.0;10.0;0.1;5000.0;0.7220240685878637;2.5166624812962547e-05;0.037286428792136235
