;sample_size;parameters;censoring;batch_size;concordance;RMSE_se;RMSE_theta
0;10000.0;1000.0;0.5;1000.0;0.7414549554332848;0.005006146936363137;0.5398570390424995
