;sample_size;parameters;censoring;batch_size;concordance;RMSE_se;RMSE_theta
0;10000.0;10.0;0.5;500.0;0.7357505899238683;0.00044370726779627723;0.04300001712095112
