;sample_size;parameters;censoring;batch_size;concordance;RMSE_se;RMSE_theta
0;10000.0;10.0;0.1;500.0;0.7355850740406414;0.00030546490500833734;0.033719722019592
